pokemon_id,name,primary_type,secondary_type,first_appreance,generation,attack,defense,speed
1,bulbasaur,grass,poison,red/blue,gen 1,49,49,45
2,ivysaur,grass,poison,red/blue,gen 1,62,63,60
3,venusaur,grass,poison,red/blue,gen 1,82,83,80
4,charmander,fire,,red/blue,gen 1,52,43,65
5,charmeleon,fire,,red/blue,gen 1,64,58,80
6,charizard,fire,flying,red/blue,gen 1,84,78,100
7,squirtle,water,,red/blue,gen 1,48,65,43
8,wartortle,water,,red/blue,gen 1,63,80,58
9,blastoise,water,,red/blue,gen 1,83,100,78
10,caterpie,bug,,red/blue,gen 1,30,35,45
11,metapod,bug,,red/blue,gen 1,20,55,30
12,butterfree,bug,flying,red/blue,gen 1,45,50,70
13,weedle,bug,poison,red/blue,gen 1,35,30,50
14,kakuna,bug,poison,red/blue,gen 1,25,50,35
15,beedrill,bug,poison,red/blue,gen 1,90,40,75
16,pidgey,normal,flying,red/blue,gen 1,45,40,56
17,pidgeotto,normal,flying,red/blue,gen 1,60,55,71
18,pidgeot,normal,flying,red/blue,gen 1,80,75,101
19,rattata,normal,,red/blue,gen 1,56,35,72
20,raticate,normal,,red/blue,gen 1,81,60,97
21,spearow,normal,flying,red/blue,gen 1,60,30,70
22,fearow,normal,flying,red/blue,gen 1,90,65,100
23,ekans,poison,,red/blue,gen 1,60,44,55
24,arbok,poison,,red/blue,gen 1,95,69,80
25,pikachu,electric,,red/blue,gen 1,55,40,90
26,raichu,electric,,red/blue,gen 1,90,55,110
27,sandshrew,ground,,red/blue,gen 1,75,85,40
28,sandslash,ground,,red/blue,gen 1,100,110,65
29,nidoran-f,poison,,red/blue,gen 1,47,52,41
30,nidorina,poison,,red/blue,gen 1,62,67,56
31,nidoqueen,poison,ground,red/blue,gen 1,92,87,76
32,nidoran-m,poison,,red/blue,gen 1,57,40,50
33,nidorino,poison,,red/blue,gen 1,72,57,65
34,nidoking,poison,ground,red/blue,gen 1,102,77,85
35,clefairy,fairy,,red/blue,gen 1,45,48,35
36,clefable,fairy,,red/blue,gen 1,70,73,60
37,vulpix,fire,,red/blue,gen 1,41,40,65
38,ninetales,fire,,red/blue,gen 1,76,75,100
39,jigglypuff,normal,fairy,red/blue,gen 1,45,20,20
40,wigglytuff,normal,fairy,red/blue,gen 1,70,45,45
41,zubat,poison,flying,red/blue,gen 1,45,35,55
42,golbat,poison,flying,red/blue,gen 1,80,70,90
43,oddish,grass,poison,red/blue,gen 1,50,55,30
44,gloom,grass,poison,red/blue,gen 1,65,70,40
45,vileplume,grass,poison,red/blue,gen 1,80,85,50
46,paras,bug,grass,red/blue,gen 1,70,55,25
47,parasect,bug,grass,red/blue,gen 1,95,80,30
48,venonat,bug,poison,red/blue,gen 1,55,50,45
49,venomoth,bug,poison,red/blue,gen 1,65,60,90
50,diglett,ground,,red/blue,gen 1,55,25,95
51,dugtrio,ground,,red/blue,gen 1,100,50,120
52,meowth,normal,,red/blue,gen 1,45,35,90
53,persian,normal,,red/blue,gen 1,70,60,115
54,psyduck,water,,red/blue,gen 1,52,48,55
55,golduck,water,,red/blue,gen 1,82,78,85
56,mankey,fighting,,red/blue,gen 1,80,35,70
57,primeape,fighting,,red/blue,gen 1,105,60,95
58,growlithe,fire,,red/blue,gen 1,70,45,60
59,arcanine,fire,,red/blue,gen 1,110,80,95
60,poliwag,water,,red/blue,gen 1,50,40,90
61,poliwhirl,water,,red/blue,gen 1,65,65,90
62,poliwrath,water,fighting,red/blue,gen 1,95,95,70
63,abra,psychic,,red/blue,gen 1,20,15,90
64,kadabra,psychic,,red/blue,gen 1,35,30,105
65,alakazam,psychic,,red/blue,gen 1,50,45,120
66,machop,fighting,,red/blue,gen 1,80,50,35
67,machoke,fighting,,red/blue,gen 1,100,70,45
68,machamp,fighting,,red/blue,gen 1,130,80,55
69,bellsprout,grass,poison,red/blue,gen 1,75,35,40
70,weepinbell,grass,poison,red/blue,gen 1,90,50,55
71,victreebel,grass,poison,red/blue,gen 1,105,65,70
72,tentacool,water,poison,red/blue,gen 1,40,35,70
73,tentacruel,water,poison,red/blue,gen 1,70,65,100
74,geodude,rock,ground,red/blue,gen 1,80,100,20
75,graveler,rock,ground,red/blue,gen 1,95,115,35
76,golem,rock,ground,red/blue,gen 1,120,130,45
77,ponyta,fire,,red/blue,gen 1,85,55,90
78,rapidash,fire,,red/blue,gen 1,100,70,105
79,slowpoke,water,psychic,red/blue,gen 1,65,65,15
80,slowbro,water,psychic,red/blue,gen 1,75,110,30
81,magnemite,electric,steel,red/blue,gen 1,35,70,45
82,magneton,electric,steel,red/blue,gen 1,60,95,70
83,farfetchd,normal,flying,red/blue,gen 1,90,55,60
84,doduo,normal,flying,red/blue,gen 1,85,45,75
85,dodrio,normal,flying,red/blue,gen 1,110,70,110
86,seel,water,,red/blue,gen 1,45,55,45
87,dewgong,water,ice,red/blue,gen 1,70,80,70
88,grimer,poison,,red/blue,gen 1,80,50,25
89,muk,poison,,red/blue,gen 1,105,75,50
90,shellder,water,,red/blue,gen 1,65,100,40
91,cloyster,water,ice,red/blue,gen 1,95,180,70
92,gastly,ghost,poison,red/blue,gen 1,35,30,80
93,haunter,ghost,poison,red/blue,gen 1,50,45,95
94,gengar,ghost,poison,red/blue,gen 1,65,60,110
95,onix,rock,ground,red/blue,gen 1,45,160,70
96,drowzee,psychic,,red/blue,gen 1,48,45,42
97,hypno,psychic,,red/blue,gen 1,73,70,67
98,krabby,water,,red/blue,gen 1,105,90,50
99,kingler,water,,red/blue,gen 1,130,115,75
100,voltorb,electric,,red/blue,gen 1,30,50,100
101,electrode,electric,,red/blue,gen 1,50,70,150
102,exeggcute,grass,psychic,red/blue,gen 1,40,80,40
103,exeggutor,grass,psychic,red/blue,gen 1,95,85,55
104,cubone,ground,,red/blue,gen 1,50,95,35
105,marowak,ground,,red/blue,gen 1,80,110,45
106,hitmonlee,fighting,,red/blue,gen 1,120,53,87
107,hitmonchan,fighting,,red/blue,gen 1,105,79,76
108,lickitung,normal,,red/blue,gen 1,55,75,30
109,koffing,poison,,red/blue,gen 1,65,95,35
110,weezing,poison,,red/blue,gen 1,90,120,60
111,rhyhorn,ground,rock,red/blue,gen 1,85,95,25
112,rhydon,ground,rock,red/blue,gen 1,130,120,40
113,chansey,normal,,red/blue,gen 1,5,5,50
114,tangela,grass,,red/blue,gen 1,55,115,60
115,kangaskhan,normal,,red/blue,gen 1,95,80,90
116,horsea,water,,red/blue,gen 1,40,70,60
117,seadra,water,,red/blue,gen 1,65,95,85
118,goldeen,water,,red/blue,gen 1,67,60,63
119,seaking,water,,red/blue,gen 1,92,65,68
120,staryu,water,,red/blue,gen 1,45,55,85
121,starmie,water,psychic,red/blue,gen 1,75,85,115
122,mr-mime,psychic,fairy,red/blue,gen 1,45,65,90
123,scyther,bug,flying,red/blue,gen 1,110,80,105
124,jynx,ice,psychic,red/blue,gen 1,50,35,95
125,electabuzz,electric,,red/blue,gen 1,83,57,105
126,magmar,fire,,red/blue,gen 1,95,57,93
127,pinsir,bug,,red/blue,gen 1,125,100,85
128,tauros,normal,,red/blue,gen 1,100,95,110
129,magikarp,water,,red/blue,gen 1,10,55,80
130,gyarados,water,flying,red/blue,gen 1,125,79,81
131,lapras,water,ice,red/blue,gen 1,85,80,60
132,ditto,normal,,red/blue,gen 1,48,48,48
133,eevee,normal,,red/blue,gen 1,55,50,55
134,vaporeon,water,,red/blue,gen 1,65,60,65
135,jolteon,electric,,red/blue,gen 1,65,60,130
136,flareon,fire,,red/blue,gen 1,130,60,65
137,porygon,normal,,red/blue,gen 1,60,70,40
138,omanyte,rock,water,red/blue,gen 1,40,100,35
139,omastar,rock,water,red/blue,gen 1,60,125,55
140,kabuto,rock,water,red/blue,gen 1,80,90,55
141,kabutops,rock,water,red/blue,gen 1,115,105,80
142,aerodactyl,rock,flying,red/blue,gen 1,105,65,130
143,snorlax,normal,,red/blue,gen 1,110,65,30
144,articuno,ice,flying,red/blue,gen 1,85,100,85
145,zapdos,electric,flying,red/blue,gen 1,90,85,100
146,moltres,fire,flying,red/blue,gen 1,100,90,90
147,dratini,dragon,,red/blue,gen 1,64,45,50
148,dragonair,dragon,,red/blue,gen 1,84,65,70
149,dragonite,dragon,flying,red/blue,gen 1,134,95,80
150,mewtwo,psychic,,red/blue,gen 1,110,90,130
151,mew,psychic,,red/blue,gen 1,100,100,100
152,chikorita,grass,,gold/silver,gen 2,49,65,45
153,bayleef,grass,,gold/silver,gen 2,62,80,60
154,meganium,grass,,gold/silver,gen 2,82,100,80
155,cyndaquil,fire,,gold/silver,gen 2,52,43,65
156,quilava,fire,,gold/silver,gen 2,64,58,80
157,typhlosion,fire,,gold/silver,gen 2,84,78,100
158,totodile,water,,gold/silver,gen 2,65,64,43
159,croconaw,water,,gold/silver,gen 2,80,80,58
160,feraligatr,water,,gold/silver,gen 2,105,100,78
161,sentret,normal,,gold/silver,gen 2,46,34,20
162,furret,normal,,gold/silver,gen 2,76,64,90
163,hoothoot,normal,flying,gold/silver,gen 2,30,30,50
164,noctowl,normal,flying,gold/silver,gen 2,50,50,70
165,ledyba,bug,flying,gold/silver,gen 2,20,30,55
166,ledian,bug,flying,gold/silver,gen 2,35,50,85
167,spinarak,bug,poison,gold/silver,gen 2,60,40,30
168,ariados,bug,poison,gold/silver,gen 2,90,70,40
169,crobat,poison,flying,gold/silver,gen 2,90,80,130
170,chinchou,water,electric,gold/silver,gen 2,38,38,67
171,lanturn,water,electric,gold/silver,gen 2,58,58,67
172,pichu,electric,,gold/silver,gen 2,40,15,60
173,cleffa,fairy,,gold/silver,gen 2,25,28,15
174,igglybuff,normal,fairy,gold/silver,gen 2,30,15,15
175,togepi,fairy,,gold/silver,gen 2,20,65,20
176,togetic,fairy,flying,gold/silver,gen 2,40,85,40
177,natu,psychic,flying,gold/silver,gen 2,50,45,70
178,xatu,psychic,flying,gold/silver,gen 2,75,70,95
179,mareep,electric,,gold/silver,gen 2,40,40,35
180,flaaffy,electric,,gold/silver,gen 2,55,55,45
181,ampharos,electric,,gold/silver,gen 2,75,85,55
182,bellossom,grass,,gold/silver,gen 2,80,95,50
183,marill,water,fairy,gold/silver,gen 2,20,50,40
184,azumarill,water,fairy,gold/silver,gen 2,50,80,50
185,sudowoodo,rock,,gold/silver,gen 2,100,115,30
186,politoed,water,,gold/silver,gen 2,75,75,70
187,hoppip,grass,flying,gold/silver,gen 2,35,40,50
188,skiploom,grass,flying,gold/silver,gen 2,45,50,80
189,jumpluff,grass,flying,gold/silver,gen 2,55,70,110
190,aipom,normal,,gold/silver,gen 2,70,55,85
191,sunkern,grass,,gold/silver,gen 2,30,30,30
192,sunflora,grass,,gold/silver,gen 2,75,55,30
193,yanma,bug,flying,gold/silver,gen 2,65,45,95
194,wooper,water,ground,gold/silver,gen 2,45,45,15
195,quagsire,water,ground,gold/silver,gen 2,85,85,35
196,espeon,psychic,,gold/silver,gen 2,65,60,110
197,umbreon,dark,,gold/silver,gen 2,65,110,65
198,murkrow,dark,flying,gold/silver,gen 2,85,42,91
199,slowking,water,psychic,gold/silver,gen 2,75,80,30
200,misdreavus,ghost,,gold/silver,gen 2,60,60,85
201,unown,psychic,,gold/silver,gen 2,72,48,48
202,wobbuffet,psychic,,gold/silver,gen 2,33,58,33
203,girafarig,normal,psychic,gold/silver,gen 2,80,65,85
204,pineco,bug,,gold/silver,gen 2,65,90,15
205,forretress,bug,steel,gold/silver,gen 2,90,140,40
206,dunsparce,normal,,gold/silver,gen 2,70,70,45
207,gligar,ground,flying,gold/silver,gen 2,75,105,85
208,steelix,steel,ground,gold/silver,gen 2,85,200,30
209,snubbull,fairy,,gold/silver,gen 2,80,50,30
210,granbull,fairy,,gold/silver,gen 2,120,75,45
211,qwilfish,water,poison,gold/silver,gen 2,95,85,85
212,scizor,bug,steel,gold/silver,gen 2,130,100,65
213,shuckle,bug,rock,gold/silver,gen 2,10,230,5
214,heracross,bug,fighting,gold/silver,gen 2,125,75,85
215,sneasel,dark,ice,gold/silver,gen 2,95,55,115
216,teddiursa,normal,,gold/silver,gen 2,80,50,40
217,ursaring,normal,,gold/silver,gen 2,130,75,55
218,slugma,fire,,gold/silver,gen 2,40,40,20
219,magcargo,fire,rock,gold/silver,gen 2,50,120,30
220,swinub,ice,ground,gold/silver,gen 2,50,40,50
221,piloswine,ice,ground,gold/silver,gen 2,100,80,50
222,corsola,water,rock,gold/silver,gen 2,55,95,35
223,remoraid,water,,gold/silver,gen 2,65,35,65
224,octillery,water,,gold/silver,gen 2,105,75,45
225,delibird,ice,flying,gold/silver,gen 2,55,45,75
226,mantine,water,flying,gold/silver,gen 2,40,70,70
227,skarmory,steel,flying,gold/silver,gen 2,80,140,70
228,houndour,dark,fire,gold/silver,gen 2,60,30,65
229,houndoom,dark,fire,gold/silver,gen 2,90,50,95
230,kingdra,water,dragon,gold/silver,gen 2,95,95,85
231,phanpy,ground,,gold/silver,gen 2,60,60,40
232,donphan,ground,,gold/silver,gen 2,120,120,50
233,porygon2,normal,,gold/silver,gen 2,80,90,60
234,stantler,normal,,gold/silver,gen 2,95,62,85
235,smeargle,normal,,gold/silver,gen 2,20,35,75
236,tyrogue,fighting,,gold/silver,gen 2,35,35,35
237,hitmontop,fighting,,gold/silver,gen 2,95,95,70
238,smoochum,ice,psychic,gold/silver,gen 2,30,15,65
239,elekid,electric,,gold/silver,gen 2,63,37,95
240,magby,fire,,gold/silver,gen 2,75,37,83
241,miltank,normal,,gold/silver,gen 2,80,105,100
242,blissey,normal,,gold/silver,gen 2,10,10,55
243,raikou,electric,,gold/silver,gen 2,85,75,115
244,entei,fire,,gold/silver,gen 2,115,85,100
245,suicune,water,,gold/silver,gen 2,75,115,85
246,larvitar,rock,ground,gold/silver,gen 2,64,50,41
247,pupitar,rock,ground,gold/silver,gen 2,84,70,51
248,tyranitar,rock,dark,gold/silver,gen 2,134,110,61
249,lugia,psychic,flying,gold/silver,gen 2,90,130,110
250,ho-oh,fire,flying,gold/silver,gen 2,130,90,90
251,celebi,psychic,grass,gold/silver,gen 2,100,100,100
252,treecko,grass,,ruby/sapphire,gen 3,45,35,70
253,grovyle,grass,,ruby/sapphire,gen 3,65,45,95
254,sceptile,grass,,ruby/sapphire,gen 3,85,65,120
255,torchic,fire,,ruby/sapphire,gen 3,60,40,45
256,combusken,fire,fighting,ruby/sapphire,gen 3,85,60,55
257,blaziken,fire,fighting,ruby/sapphire,gen 3,120,70,80
258,mudkip,water,,ruby/sapphire,gen 3,70,50,40
259,marshtomp,water,ground,ruby/sapphire,gen 3,85,70,50
260,swampert,water,ground,ruby/sapphire,gen 3,110,90,60
261,poochyena,dark,,ruby/sapphire,gen 3,55,35,35
262,mightyena,dark,,ruby/sapphire,gen 3,90,70,70
263,zigzagoon,normal,,ruby/sapphire,gen 3,30,41,60
264,linoone,normal,,ruby/sapphire,gen 3,70,61,100
265,wurmple,bug,,ruby/sapphire,gen 3,45,35,20
266,silcoon,bug,,ruby/sapphire,gen 3,35,55,15
267,beautifly,bug,flying,ruby/sapphire,gen 3,70,50,65
268,cascoon,bug,,ruby/sapphire,gen 3,35,55,15
269,dustox,bug,poison,ruby/sapphire,gen 3,50,70,65
270,lotad,water,grass,ruby/sapphire,gen 3,30,30,30
271,lombre,water,grass,ruby/sapphire,gen 3,50,50,50
272,ludicolo,water,grass,ruby/sapphire,gen 3,70,70,70
273,seedot,grass,,ruby/sapphire,gen 3,40,50,30
274,nuzleaf,grass,dark,ruby/sapphire,gen 3,70,40,60
275,shiftry,grass,dark,ruby/sapphire,gen 3,100,60,80
276,taillow,normal,flying,ruby/sapphire,gen 3,55,30,85
277,swellow,normal,flying,ruby/sapphire,gen 3,85,60,125
278,wingull,water,flying,ruby/sapphire,gen 3,30,30,85
279,pelipper,water,flying,ruby/sapphire,gen 3,50,100,65
280,ralts,psychic,fairy,ruby/sapphire,gen 3,25,25,40
281,kirlia,psychic,fairy,ruby/sapphire,gen 3,35,35,50
282,gardevoir,psychic,fairy,ruby/sapphire,gen 3,65,65,80
283,surskit,bug,water,ruby/sapphire,gen 3,30,32,65
284,masquerain,bug,flying,ruby/sapphire,gen 3,60,62,80
285,shroomish,grass,,ruby/sapphire,gen 3,40,60,35
286,breloom,grass,fighting,ruby/sapphire,gen 3,130,80,70
287,slakoth,normal,,ruby/sapphire,gen 3,60,60,30
288,vigoroth,normal,,ruby/sapphire,gen 3,80,80,90
289,slaking,normal,,ruby/sapphire,gen 3,160,100,100
290,nincada,bug,ground,ruby/sapphire,gen 3,45,90,40
291,ninjask,bug,flying,ruby/sapphire,gen 3,90,45,160
292,shedinja,bug,ghost,ruby/sapphire,gen 3,90,45,40
293,whismur,normal,,ruby/sapphire,gen 3,51,23,28
294,loudred,normal,,ruby/sapphire,gen 3,71,43,48
295,exploud,normal,,ruby/sapphire,gen 3,91,63,68
296,makuhita,fighting,,ruby/sapphire,gen 3,60,30,25
297,hariyama,fighting,,ruby/sapphire,gen 3,120,60,50
298,azurill,normal,fairy,ruby/sapphire,gen 3,20,40,20
299,nosepass,rock,,ruby/sapphire,gen 3,45,135,30
300,skitty,normal,,ruby/sapphire,gen 3,45,45,50
301,delcatty,normal,,ruby/sapphire,gen 3,65,65,90
302,sableye,dark,ghost,ruby/sapphire,gen 3,75,75,50
303,mawile,steel,fairy,ruby/sapphire,gen 3,85,85,50
304,aron,steel,rock,ruby/sapphire,gen 3,70,100,30
305,lairon,steel,rock,ruby/sapphire,gen 3,90,140,40
306,aggron,steel,rock,ruby/sapphire,gen 3,110,180,50
307,meditite,fighting,psychic,ruby/sapphire,gen 3,40,55,60
308,medicham,fighting,psychic,ruby/sapphire,gen 3,60,75,80
309,electrike,electric,,ruby/sapphire,gen 3,45,40,65
310,manectric,electric,,ruby/sapphire,gen 3,75,60,105
311,plusle,electric,,ruby/sapphire,gen 3,50,40,95
312,minun,electric,,ruby/sapphire,gen 3,40,50,95
313,volbeat,bug,,ruby/sapphire,gen 3,73,75,85
314,illumise,bug,,ruby/sapphire,gen 3,47,75,85
315,roselia,grass,poison,ruby/sapphire,gen 3,60,45,65
316,gulpin,poison,,ruby/sapphire,gen 3,43,53,40
317,swalot,poison,,ruby/sapphire,gen 3,73,83,55
318,carvanha,water,dark,ruby/sapphire,gen 3,90,20,65
319,sharpedo,water,dark,ruby/sapphire,gen 3,120,40,95
320,wailmer,water,,ruby/sapphire,gen 3,70,35,60
321,wailord,water,,ruby/sapphire,gen 3,90,45,60
322,numel,fire,ground,ruby/sapphire,gen 3,60,40,35
323,camerupt,fire,ground,ruby/sapphire,gen 3,100,70,40
324,torkoal,fire,,ruby/sapphire,gen 3,85,140,20
325,spoink,psychic,,ruby/sapphire,gen 3,25,35,60
326,grumpig,psychic,,ruby/sapphire,gen 3,45,65,80
327,spinda,normal,,ruby/sapphire,gen 3,60,60,60
328,trapinch,ground,,ruby/sapphire,gen 3,100,45,10
329,vibrava,ground,dragon,ruby/sapphire,gen 3,70,50,70
330,flygon,ground,dragon,ruby/sapphire,gen 3,100,80,100
331,cacnea,grass,,ruby/sapphire,gen 3,85,40,35
332,cacturne,grass,dark,ruby/sapphire,gen 3,115,60,55
333,swablu,normal,flying,ruby/sapphire,gen 3,40,60,50
334,altaria,dragon,flying,ruby/sapphire,gen 3,70,90,80
335,zangoose,normal,,ruby/sapphire,gen 3,115,60,90
336,seviper,poison,,ruby/sapphire,gen 3,100,60,65
337,lunatone,rock,psychic,ruby/sapphire,gen 3,55,65,70
338,solrock,rock,psychic,ruby/sapphire,gen 3,95,85,70
339,barboach,water,ground,ruby/sapphire,gen 3,48,43,60
340,whiscash,water,ground,ruby/sapphire,gen 3,78,73,60
341,corphish,water,,ruby/sapphire,gen 3,80,65,35
342,crawdaunt,water,dark,ruby/sapphire,gen 3,120,85,55
343,baltoy,ground,psychic,ruby/sapphire,gen 3,40,55,55
344,claydol,ground,psychic,ruby/sapphire,gen 3,70,105,75
345,lileep,rock,grass,ruby/sapphire,gen 3,41,77,23
346,cradily,rock,grass,ruby/sapphire,gen 3,81,97,43
347,anorith,rock,bug,ruby/sapphire,gen 3,95,50,75
348,armaldo,rock,bug,ruby/sapphire,gen 3,125,100,45
349,feebas,water,,ruby/sapphire,gen 3,15,20,80
350,milotic,water,,ruby/sapphire,gen 3,60,79,81
351,castform,normal,,ruby/sapphire,gen 3,70,70,70
352,kecleon,normal,,ruby/sapphire,gen 3,90,70,40
353,shuppet,ghost,,ruby/sapphire,gen 3,75,35,45
354,banette,ghost,,ruby/sapphire,gen 3,115,65,65
355,duskull,ghost,,ruby/sapphire,gen 3,40,90,25
356,dusclops,ghost,,ruby/sapphire,gen 3,70,130,25
357,tropius,grass,flying,ruby/sapphire,gen 3,68,83,51
358,chimecho,psychic,,ruby/sapphire,gen 3,50,80,65
359,absol,dark,,ruby/sapphire,gen 3,130,60,75
360,wynaut,psychic,,ruby/sapphire,gen 3,23,48,23
361,snorunt,ice,,ruby/sapphire,gen 3,50,50,50
362,glalie,ice,,ruby/sapphire,gen 3,80,80,80
363,spheal,ice,water,ruby/sapphire,gen 3,40,50,25
364,sealeo,ice,water,ruby/sapphire,gen 3,60,70,45
365,walrein,ice,water,ruby/sapphire,gen 3,80,90,65
366,clamperl,water,,ruby/sapphire,gen 3,64,85,32
367,huntail,water,,ruby/sapphire,gen 3,104,105,52
368,gorebyss,water,,ruby/sapphire,gen 3,84,105,52
369,relicanth,water,rock,ruby/sapphire,gen 3,90,130,55
370,luvdisc,water,,ruby/sapphire,gen 3,30,55,97
371,bagon,dragon,,ruby/sapphire,gen 3,75,60,50
372,shelgon,dragon,,ruby/sapphire,gen 3,95,100,50
373,salamence,dragon,flying,ruby/sapphire,gen 3,135,80,100
374,beldum,steel,psychic,ruby/sapphire,gen 3,55,80,30
375,metang,steel,psychic,ruby/sapphire,gen 3,75,100,50
376,metagross,steel,psychic,ruby/sapphire,gen 3,135,130,70
377,regirock,rock,,ruby/sapphire,gen 3,100,200,50
378,regice,ice,,ruby/sapphire,gen 3,50,100,50
379,registeel,steel,,ruby/sapphire,gen 3,75,150,50
380,latias,dragon,psychic,ruby/sapphire,gen 3,80,90,110
381,latios,dragon,psychic,ruby/sapphire,gen 3,90,80,110
382,kyogre,water,,ruby/sapphire,gen 3,100,90,90
383,groudon,ground,,ruby/sapphire,gen 3,150,140,90
384,rayquaza,dragon,flying,ruby/sapphire,gen 3,150,90,95
385,jirachi,steel,psychic,ruby/sapphire,gen 3,100,100,100
386,deoxys,psychic,,ruby/sapphire,gen 3,150,50,150
387,turtwig,grass,,diamond/pearl,gen 4,68,64,31
388,grotle,grass,,diamond/pearl,gen 4,89,85,36
389,torterra,grass,ground,diamond/pearl,gen 4,109,105,56
390,chimchar,fire,,diamond/pearl,gen 4,58,44,61
391,monferno,fire,fighting,diamond/pearl,gen 4,78,52,81
392,infernape,fire,fighting,diamond/pearl,gen 4,104,71,108
393,piplup,water,,diamond/pearl,gen 4,51,53,40
394,prinplup,water,,diamond/pearl,gen 4,66,68,50
395,empoleon,water,steel,diamond/pearl,gen 4,86,88,60
396,starly,normal,flying,diamond/pearl,gen 4,55,30,60
397,staravia,normal,flying,diamond/pearl,gen 4,75,50,80
398,staraptor,normal,flying,diamond/pearl,gen 4,120,70,100
399,bidoof,normal,,diamond/pearl,gen 4,45,40,31
400,bibarel,normal,water,diamond/pearl,gen 4,85,60,71
401,kricketot,bug,,diamond/pearl,gen 4,25,41,25
402,kricketune,bug,,diamond/pearl,gen 4,85,51,65
403,shinx,electric,,diamond/pearl,gen 4,65,34,45
404,luxio,electric,,diamond/pearl,gen 4,85,49,60
405,luxray,electric,,diamond/pearl,gen 4,120,79,70
406,budew,grass,poison,diamond/pearl,gen 4,30,35,55
407,roserade,grass,poison,diamond/pearl,gen 4,70,65,90
408,cranidos,rock,,diamond/pearl,gen 4,125,40,58
409,rampardos,rock,,diamond/pearl,gen 4,165,60,58
410,shieldon,rock,steel,diamond/pearl,gen 4,42,118,30
411,bastiodon,rock,steel,diamond/pearl,gen 4,52,168,30
412,burmy,bug,,diamond/pearl,gen 4,29,45,36
413,wormadam,bug,grass,diamond/pearl,gen 4,59,85,36
414,mothim,bug,flying,diamond/pearl,gen 4,94,50,66
415,combee,bug,flying,diamond/pearl,gen 4,30,42,70
416,vespiquen,bug,flying,diamond/pearl,gen 4,80,102,40
417,pachirisu,electric,,diamond/pearl,gen 4,45,70,95
418,buizel,water,,diamond/pearl,gen 4,65,35,85
419,floatzel,water,,diamond/pearl,gen 4,105,55,115
420,cherubi,grass,,diamond/pearl,gen 4,35,45,35
421,cherrim,grass,,diamond/pearl,gen 4,60,70,85
422,shellos,water,,diamond/pearl,gen 4,48,48,34
423,gastrodon,water,ground,diamond/pearl,gen 4,83,68,39
424,ambipom,normal,,diamond/pearl,gen 4,100,66,115
425,drifloon,ghost,flying,diamond/pearl,gen 4,50,34,70
426,drifblim,ghost,flying,diamond/pearl,gen 4,80,44,80
427,buneary,normal,,diamond/pearl,gen 4,66,44,85
428,lopunny,normal,,diamond/pearl,gen 4,76,84,105
429,mismagius,ghost,,diamond/pearl,gen 4,60,60,105
430,honchkrow,dark,flying,diamond/pearl,gen 4,125,52,71
431,glameow,normal,,diamond/pearl,gen 4,55,42,85
432,purugly,normal,,diamond/pearl,gen 4,82,64,112
433,chingling,psychic,,diamond/pearl,gen 4,30,50,45
434,stunky,poison,dark,diamond/pearl,gen 4,63,47,74
435,skuntank,poison,dark,diamond/pearl,gen 4,93,67,84
436,bronzor,steel,psychic,diamond/pearl,gen 4,24,86,23
437,bronzong,steel,psychic,diamond/pearl,gen 4,89,116,33
438,bonsly,rock,,diamond/pearl,gen 4,80,95,10
439,mime-jr,psychic,fairy,diamond/pearl,gen 4,25,45,60
440,happiny,normal,,diamond/pearl,gen 4,5,5,30
441,chatot,normal,flying,diamond/pearl,gen 4,65,45,91
442,spiritomb,ghost,dark,diamond/pearl,gen 4,92,108,35
443,gible,dragon,ground,diamond/pearl,gen 4,70,45,42
444,gabite,dragon,ground,diamond/pearl,gen 4,90,65,82
445,garchomp,dragon,ground,diamond/pearl,gen 4,130,95,102
446,munchlax,normal,,diamond/pearl,gen 4,85,40,5
447,riolu,fighting,,diamond/pearl,gen 4,70,40,60
448,lucario,fighting,steel,diamond/pearl,gen 4,110,70,90
449,hippopotas,ground,,diamond/pearl,gen 4,72,78,32
450,hippowdon,ground,,diamond/pearl,gen 4,112,118,47
451,skorupi,poison,bug,diamond/pearl,gen 4,50,90,65
452,drapion,poison,dark,diamond/pearl,gen 4,90,110,95
453,croagunk,poison,fighting,diamond/pearl,gen 4,61,40,50
454,toxicroak,poison,fighting,diamond/pearl,gen 4,106,65,85
455,carnivine,grass,,diamond/pearl,gen 4,100,72,46
456,finneon,water,,diamond/pearl,gen 4,49,56,66
457,lumineon,water,,diamond/pearl,gen 4,69,76,91
458,mantyke,water,flying,diamond/pearl,gen 4,20,50,50
459,snover,grass,ice,diamond/pearl,gen 4,62,50,40
460,abomasnow,grass,ice,diamond/pearl,gen 4,92,75,60
461,weavile,dark,ice,diamond/pearl,gen 4,120,65,125
462,magnezone,electric,steel,diamond/pearl,gen 4,70,115,60
463,lickilicky,normal,,diamond/pearl,gen 4,85,95,50
464,rhyperior,ground,rock,diamond/pearl,gen 4,140,130,40
465,tangrowth,grass,,diamond/pearl,gen 4,100,125,50
466,electivire,electric,,diamond/pearl,gen 4,123,67,95
467,magmortar,fire,,diamond/pearl,gen 4,95,67,83
468,togekiss,fairy,flying,diamond/pearl,gen 4,50,95,80
469,yanmega,bug,flying,diamond/pearl,gen 4,76,86,95
470,leafeon,grass,,diamond/pearl,gen 4,110,130,95
471,glaceon,ice,,diamond/pearl,gen 4,60,110,65
472,gliscor,ground,flying,diamond/pearl,gen 4,95,125,95
473,mamoswine,ice,ground,diamond/pearl,gen 4,130,80,80
474,porygon-z,normal,,diamond/pearl,gen 4,80,70,90
475,gallade,psychic,fighting,diamond/pearl,gen 4,125,65,80
476,probopass,rock,steel,diamond/pearl,gen 4,55,145,40
477,dusknoir,ghost,,diamond/pearl,gen 4,100,135,45
478,froslass,ice,ghost,diamond/pearl,gen 4,80,70,110
479,rotom,electric,ghost,diamond/pearl,gen 4,50,77,91
480,uxie,psychic,,diamond/pearl,gen 4,75,130,95
481,mesprit,psychic,,diamond/pearl,gen 4,105,105,80
482,azelf,psychic,,diamond/pearl,gen 4,125,70,115
483,dialga,steel,dragon,diamond/pearl,gen 4,120,120,90
484,palkia,water,dragon,diamond/pearl,gen 4,120,100,100
485,heatran,fire,steel,diamond/pearl,gen 4,90,106,77
486,regigigas,normal,,diamond/pearl,gen 4,160,110,100
487,giratina,ghost,dragon,diamond/pearl,gen 4,100,120,90
488,cresselia,psychic,,diamond/pearl,gen 4,70,110,85
489,phione,water,,diamond/pearl,gen 4,80,80,80
490,manaphy,water,,diamond/pearl,gen 4,100,100,100
491,darkrai,dark,,diamond/pearl,gen 4,90,90,125
492,shaymin,grass,,diamond/pearl,gen 4,100,100,100
493,arceus,normal,,diamond/pearl,gen 4,120,120,120
494,victini,psychic,fire,black/white,gen 5,100,100,100
495,snivy,grass,,black/white,gen 5,45,55,63
496,servine,grass,,black/white,gen 5,60,75,83
497,serperior,grass,,black/white,gen 5,75,95,113
498,tepig,fire,,black/white,gen 5,63,45,45
499,pignite,fire,fighting,black/white,gen 5,93,55,55
500,emboar,fire,fighting,black/white,gen 5,123,65,65
501,oshawott,water,,black/white,gen 5,55,45,45
502,dewott,water,,black/white,gen 5,75,60,60
503,samurott,water,,black/white,gen 5,100,85,70
504,patrat,normal,,black/white,gen 5,55,39,42
505,watchog,normal,,black/white,gen 5,85,69,77
506,lillipup,normal,,black/white,gen 5,60,45,55
507,herdier,normal,,black/white,gen 5,80,65,60
508,stoutland,normal,,black/white,gen 5,110,90,80
509,purrloin,dark,,black/white,gen 5,50,37,66
510,liepard,dark,,black/white,gen 5,88,50,106
511,pansage,grass,,black/white,gen 5,53,48,64
512,simisage,grass,,black/white,gen 5,98,63,101
513,pansear,fire,,black/white,gen 5,53,48,64
514,simisear,fire,,black/white,gen 5,98,63,101
515,panpour,water,,black/white,gen 5,53,48,64
516,simipour,water,,black/white,gen 5,98,63,101
517,munna,psychic,,black/white,gen 5,25,45,24
518,musharna,psychic,,black/white,gen 5,55,85,29
519,pidove,normal,flying,black/white,gen 5,55,50,43
520,tranquill,normal,flying,black/white,gen 5,77,62,65
521,unfezant,normal,flying,black/white,gen 5,115,80,93
522,blitzle,electric,,black/white,gen 5,60,32,76
523,zebstrika,electric,,black/white,gen 5,100,63,116
524,roggenrola,rock,,black/white,gen 5,75,85,15
525,boldore,rock,,black/white,gen 5,105,105,20
526,gigalith,rock,,black/white,gen 5,135,130,25
527,woobat,psychic,flying,black/white,gen 5,45,43,72
528,swoobat,psychic,flying,black/white,gen 5,57,55,114
529,drilbur,ground,,black/white,gen 5,85,40,68
530,excadrill,ground,steel,black/white,gen 5,135,60,88
531,audino,normal,,black/white,gen 5,60,86,50
532,timburr,fighting,,black/white,gen 5,80,55,35
533,gurdurr,fighting,,black/white,gen 5,105,85,40
534,conkeldurr,fighting,,black/white,gen 5,140,95,45
535,tympole,water,,black/white,gen 5,50,40,64
536,palpitoad,water,ground,black/white,gen 5,65,55,69
537,seismitoad,water,ground,black/white,gen 5,95,75,74
538,throh,fighting,,black/white,gen 5,100,85,45
539,sawk,fighting,,black/white,gen 5,125,75,85
540,sewaddle,bug,grass,black/white,gen 5,53,70,42
541,swadloon,bug,grass,black/white,gen 5,63,90,42
542,leavanny,bug,grass,black/white,gen 5,103,80,92
543,venipede,bug,poison,black/white,gen 5,45,59,57
544,whirlipede,bug,poison,black/white,gen 5,55,99,47
545,scolipede,bug,poison,black/white,gen 5,100,89,112
546,cottonee,grass,fairy,black/white,gen 5,27,60,66
547,whimsicott,grass,fairy,black/white,gen 5,67,85,116
548,petilil,grass,,black/white,gen 5,35,50,30
549,lilligant,grass,,black/white,gen 5,60,75,90
550,basculin,water,,black/white,gen 5,92,65,98
551,sandile,ground,dark,black/white,gen 5,72,35,65
552,krokorok,ground,dark,black/white,gen 5,82,45,74
553,krookodile,ground,dark,black/white,gen 5,117,80,92
554,darumaka,fire,,black/white,gen 5,90,45,50
555,darmanitan,fire,,black/white,gen 5,140,55,95
556,maractus,grass,,black/white,gen 5,86,67,60
557,dwebble,bug,rock,black/white,gen 5,65,85,55
558,crustle,bug,rock,black/white,gen 5,105,125,45
559,scraggy,dark,fighting,black/white,gen 5,75,70,48
560,scrafty,dark,fighting,black/white,gen 5,90,115,58
561,sigilyph,psychic,flying,black/white,gen 5,58,80,97
562,yamask,ghost,,black/white,gen 5,30,85,30
563,cofagrigus,ghost,,black/white,gen 5,50,145,30
564,tirtouga,water,rock,black/white,gen 5,78,103,22
565,carracosta,water,rock,black/white,gen 5,108,133,32
566,archen,rock,flying,black/white,gen 5,112,45,70
567,archeops,rock,flying,black/white,gen 5,140,65,110
568,trubbish,poison,,black/white,gen 5,50,62,65
569,garbodor,poison,,black/white,gen 5,95,82,75
570,zorua,dark,,black/white,gen 5,65,40,65
571,zoroark,dark,,black/white,gen 5,105,60,105
572,minccino,normal,,black/white,gen 5,50,40,75
573,cinccino,normal,,black/white,gen 5,95,60,115
574,gothita,psychic,,black/white,gen 5,30,50,45
575,gothorita,psychic,,black/white,gen 5,45,70,55
576,gothitelle,psychic,,black/white,gen 5,55,95,65
577,solosis,psychic,,black/white,gen 5,30,40,20
578,duosion,psychic,,black/white,gen 5,40,50,30
579,reuniclus,psychic,,black/white,gen 5,65,75,30
580,ducklett,water,flying,black/white,gen 5,44,50,55
581,swanna,water,flying,black/white,gen 5,87,63,98
582,vanillite,ice,,black/white,gen 5,50,50,44
583,vanillish,ice,,black/white,gen 5,65,65,59
584,vanilluxe,ice,,black/white,gen 5,95,85,79
585,deerling,normal,grass,black/white,gen 5,60,50,75
586,sawsbuck,normal,grass,black/white,gen 5,100,70,95
587,emolga,electric,flying,black/white,gen 5,75,60,103
588,karrablast,bug,,black/white,gen 5,75,45,60
589,escavalier,bug,steel,black/white,gen 5,135,105,20
590,foongus,grass,poison,black/white,gen 5,55,45,15
591,amoonguss,grass,poison,black/white,gen 5,85,70,30
592,frillish,water,ghost,black/white,gen 5,40,50,40
593,jellicent,water,ghost,black/white,gen 5,60,70,60
594,alomomola,water,,black/white,gen 5,75,80,65
595,joltik,bug,electric,black/white,gen 5,47,50,65
596,galvantula,bug,electric,black/white,gen 5,77,60,108
597,ferroseed,grass,steel,black/white,gen 5,50,91,10
598,ferrothorn,grass,steel,black/white,gen 5,94,131,20
599,klink,steel,,black/white,gen 5,55,70,30
600,klang,steel,,black/white,gen 5,80,95,50
601,klinklang,steel,,black/white,gen 5,100,115,90
602,tynamo,electric,,black/white,gen 5,55,40,60
603,eelektrik,electric,,black/white,gen 5,85,70,40
604,eelektross,electric,,black/white,gen 5,115,80,50
605,elgyem,psychic,,black/white,gen 5,55,55,30
606,beheeyem,psychic,,black/white,gen 5,75,75,40
607,litwick,ghost,fire,black/white,gen 5,30,55,20
608,lampent,ghost,fire,black/white,gen 5,40,60,55
609,chandelure,ghost,fire,black/white,gen 5,55,90,80
610,axew,dragon,,black/white,gen 5,87,60,57
611,fraxure,dragon,,black/white,gen 5,117,70,67
612,haxorus,dragon,,black/white,gen 5,147,90,97
613,cubchoo,ice,,black/white,gen 5,70,40,40
614,beartic,ice,,black/white,gen 5,130,80,50
615,cryogonal,ice,,black/white,gen 5,50,50,105
616,shelmet,bug,,black/white,gen 5,40,85,25
617,accelgor,bug,,black/white,gen 5,70,40,145
618,stunfisk,ground,electric,black/white,gen 5,66,84,32
619,mienfoo,fighting,,black/white,gen 5,85,50,65
620,mienshao,fighting,,black/white,gen 5,125,60,105
621,druddigon,dragon,,black/white,gen 5,120,90,48
622,golett,ground,ghost,black/white,gen 5,74,50,35
623,golurk,ground,ghost,black/white,gen 5,124,80,55
624,pawniard,dark,steel,black/white,gen 5,85,70,60
625,bisharp,dark,steel,black/white,gen 5,125,100,70
626,bouffalant,normal,,black/white,gen 5,110,95,55
627,rufflet,normal,flying,black/white,gen 5,83,50,60
628,braviary,normal,flying,black/white,gen 5,123,75,80
629,vullaby,dark,flying,black/white,gen 5,55,75,60
630,mandibuzz,dark,flying,black/white,gen 5,65,105,80
631,heatmor,fire,,black/white,gen 5,97,66,65
632,durant,bug,steel,black/white,gen 5,109,112,109
633,deino,dark,dragon,black/white,gen 5,65,50,38
634,zweilous,dark,dragon,black/white,gen 5,85,70,58
635,hydreigon,dark,dragon,black/white,gen 5,105,90,98
636,larvesta,bug,fire,black/white,gen 5,85,55,60
637,volcarona,bug,fire,black/white,gen 5,60,65,100
638,cobalion,steel,fighting,black/white,gen 5,90,129,108
639,terrakion,rock,fighting,black/white,gen 5,129,90,108
640,virizion,grass,fighting,black/white,gen 5,90,72,108
641,tornadus,flying,,black/white,gen 5,115,70,111
642,thundurus,electric,flying,black/white,gen 5,115,70,111
643,reshiram,dragon,fire,black/white,gen 5,120,100,90
644,zekrom,dragon,electric,black/white,gen 5,150,120,90
645,landorus,ground,flying,black/white,gen 5,125,90,101
646,kyurem,dragon,ice,black/white,gen 5,130,90,95
647,keldeo,water,fighting,black/white,gen 5,72,90,108
648,meloetta,normal,psychic,black/white,gen 5,77,77,90
649,genesect,bug,steel,black/white,gen 5,120,95,99
650,chespin,grass,,x/y,gen 6,61,65,38
651,quilladin,grass,,x/y,gen 6,78,95,57
652,chesnaught,grass,fighting,x/y,gen 6,107,122,64
653,fennekin,fire,,x/y,gen 6,45,40,60
654,braixen,fire,,x/y,gen 6,59,58,73
655,delphox,fire,psychic,x/y,gen 6,69,72,104
656,froakie,water,,x/y,gen 6,56,40,71
657,frogadier,water,,x/y,gen 6,63,52,97
658,greninja,water,dark,x/y,gen 6,95,67,122
659,bunnelby,normal,,x/y,gen 6,36,38,57
660,diggersby,normal,ground,x/y,gen 6,56,77,78
661,fletchling,normal,flying,x/y,gen 6,50,43,62
662,fletchinder,fire,flying,x/y,gen 6,73,55,84
663,talonflame,fire,flying,x/y,gen 6,81,71,126
664,scatterbug,bug,,x/y,gen 6,35,40,35
665,spewpa,bug,,x/y,gen 6,22,60,29
666,vivillon,bug,flying,x/y,gen 6,52,50,89
667,litleo,fire,normal,x/y,gen 6,50,58,72
668,pyroar,fire,normal,x/y,gen 6,68,72,106
669,flabebe,fairy,,x/y,gen 6,38,39,42
670,floette,fairy,,x/y,gen 6,45,47,52
671,florges,fairy,,x/y,gen 6,65,68,75
672,skiddo,grass,,x/y,gen 6,65,48,52
673,gogoat,grass,,x/y,gen 6,100,62,68
674,pancham,fighting,,x/y,gen 6,82,62,43
675,pangoro,fighting,dark,x/y,gen 6,124,78,58
676,furfrou,normal,,x/y,gen 6,80,60,102
677,espurr,psychic,,x/y,gen 6,48,54,68
678,meowstic,psychic,,x/y,gen 6,48,76,104
679,honedge,steel,ghost,x/y,gen 6,80,100,28
680,doublade,steel,ghost,x/y,gen 6,110,150,35
681,aegislash,steel,ghost,x/y,gen 6,50,140,60
682,spritzee,fairy,,x/y,gen 6,52,60,23
683,aromatisse,fairy,,x/y,gen 6,72,72,29
684,swirlix,fairy,,x/y,gen 6,48,66,49
685,slurpuff,fairy,,x/y,gen 6,80,86,72
686,inkay,dark,psychic,x/y,gen 6,54,53,45
687,malamar,dark,psychic,x/y,gen 6,92,88,73
688,binacle,rock,water,x/y,gen 6,52,67,50
689,barbaracle,rock,water,x/y,gen 6,105,115,68
690,skrelp,poison,water,x/y,gen 6,60,60,30
691,dragalge,poison,dragon,x/y,gen 6,75,90,44
692,clauncher,water,,x/y,gen 6,53,62,44
693,clawitzer,water,,x/y,gen 6,73,88,59
694,helioptile,electric,normal,x/y,gen 6,38,33,70
695,heliolisk,electric,normal,x/y,gen 6,55,52,109
696,tyrunt,rock,dragon,x/y,gen 6,89,77,48
697,tyrantrum,rock,dragon,x/y,gen 6,121,119,71
698,amaura,rock,ice,x/y,gen 6,59,50,46
699,aurorus,rock,ice,x/y,gen 6,77,72,58
700,sylveon,fairy,,x/y,gen 6,65,65,60
701,hawlucha,fighting,flying,x/y,gen 6,92,75,118
702,dedenne,electric,fairy,x/y,gen 6,58,57,101
703,carbink,rock,fairy,x/y,gen 6,50,150,50
704,goomy,dragon,,x/y,gen 6,50,35,40
705,sliggoo,dragon,,x/y,gen 6,75,53,60
706,goodra,dragon,,x/y,gen 6,100,70,80
707,klefki,steel,fairy,x/y,gen 6,80,91,75
708,phantump,ghost,grass,x/y,gen 6,70,48,38
709,trevenant,ghost,grass,x/y,gen 6,110,76,56
710,pumpkaboo,ghost,grass,x/y,gen 6,66,70,51
711,gourgeist,ghost,grass,x/y,gen 6,90,122,84
712,bergmite,ice,,x/y,gen 6,69,85,28
713,avalugg,ice,,x/y,gen 6,117,184,28
714,noibat,flying,dragon,x/y,gen 6,30,35,55
715,noivern,flying,dragon,x/y,gen 6,70,80,123
716,xerneas,fairy,,x/y,gen 6,131,95,99
717,yveltal,dark,flying,x/y,gen 6,131,95,99
718,zygarde,dragon,ground,x/y,gen 6,100,121,95
719,diancie,rock,fairy,x/y,gen 6,100,150,50
720,hoopa,psychic,ghost,x/y,gen 6,110,60,70
721,volcanion,fire,water,x/y,gen 6,110,120,70
722,rowlet,grass,flying,sun/moon,gen 7,55,55,42
723,dartrix,grass,flying,sun/moon,gen 7,75,75,52
724,decidueye,grass,ghost,sun/moon,gen 7,107,75,70
725,litten,fire,,sun/moon,gen 7,65,40,70
726,torracat,fire,,sun/moon,gen 7,85,50,90
727,incineroar,fire,dark,sun/moon,gen 7,115,90,60
728,popplio,water,,sun/moon,gen 7,54,54,40
729,brionne,water,,sun/moon,gen 7,69,69,50
730,primarina,water,fairy,sun/moon,gen 7,74,74,60
731,pikipek,normal,flying,sun/moon,gen 7,75,30,65
732,trumbeak,normal,flying,sun/moon,gen 7,85,50,75
733,toucannon,normal,flying,sun/moon,gen 7,120,75,60
734,yungoos,normal,,sun/moon,gen 7,70,30,45
735,gumshoos,normal,,sun/moon,gen 7,110,60,45
736,grubbin,bug,,sun/moon,gen 7,62,45,46
737,charjabug,bug,electric,sun/moon,gen 7,82,95,36
738,vikavolt,bug,electric,sun/moon,gen 7,70,90,43
739,crabrawler,fighting,,sun/moon,gen 7,82,57,63
740,crabominable,fighting,ice,sun/moon,gen 7,132,77,43
741,oricorio,fire,flying,sun/moon,gen 7,70,70,93
742,cutiefly,bug,fairy,sun/moon,gen 7,45,40,84
743,ribombee,bug,fairy,sun/moon,gen 7,55,60,124
744,rockruff,rock,,sun/moon,gen 7,65,40,60
745,lycanroc,rock,,sun/moon,gen 7,115,65,112
746,wishiwashi,water,,sun/moon,gen 7,20,20,40
747,mareanie,poison,water,sun/moon,gen 7,53,62,45
748,toxapex,poison,water,sun/moon,gen 7,63,152,35
749,mudbray,ground,,sun/moon,gen 7,100,70,45
750,mudsdale,ground,,sun/moon,gen 7,125,100,35
751,dewpider,water,bug,sun/moon,gen 7,40,52,27
752,araquanid,water,bug,sun/moon,gen 7,70,92,42
753,fomantis,grass,,sun/moon,gen 7,55,35,35
754,lurantis,grass,,sun/moon,gen 7,105,90,45
755,morelull,grass,fairy,sun/moon,gen 7,35,55,15
756,shiinotic,grass,fairy,sun/moon,gen 7,45,80,30
757,salandit,poison,fire,sun/moon,gen 7,44,40,77
758,salazzle,poison,fire,sun/moon,gen 7,64,60,117
759,stufful,normal,fighting,sun/moon,gen 7,75,50,50
760,bewear,normal,fighting,sun/moon,gen 7,125,80,60
761,bounsweet,grass,,sun/moon,gen 7,30,38,32
762,steenee,grass,,sun/moon,gen 7,40,48,62
763,tsareena,grass,,sun/moon,gen 7,120,98,72
764,comfey,fairy,,sun/moon,gen 7,52,90,100
765,oranguru,normal,psychic,sun/moon,gen 7,60,80,60
766,passimian,fighting,,sun/moon,gen 7,120,90,80
767,wimpod,bug,water,sun/moon,gen 7,35,40,80
768,golisopod,bug,water,sun/moon,gen 7,125,140,40
769,sandygast,ghost,ground,sun/moon,gen 7,55,80,15
770,palossand,ghost,ground,sun/moon,gen 7,75,110,35
771,pyukumuku,water,,sun/moon,gen 7,60,130,5
772,type-null,normal,,sun/moon,gen 7,95,95,59
773,silvally,normal,,sun/moon,gen 7,95,95,95
774,minior,rock,flying,sun/moon,gen 7,60,100,60
775,komala,normal,,sun/moon,gen 7,115,65,65
776,turtonator,fire,dragon,sun/moon,gen 7,78,135,36
777,togedemaru,electric,steel,sun/moon,gen 7,98,63,96
778,mimikyu,ghost,fairy,sun/moon,gen 7,90,80,96
779,bruxish,water,psychic,sun/moon,gen 7,105,70,92
780,drampa,normal,dragon,sun/moon,gen 7,60,85,36
781,dhelmise,ghost,grass,sun/moon,gen 7,131,100,40
782,jangmo-o,dragon,,sun/moon,gen 7,55,65,45
783,hakamo-o,dragon,fighting,sun/moon,gen 7,75,90,65
784,kommo-o,dragon,fighting,sun/moon,gen 7,110,125,85
785,tapu-koko,electric,fairy,sun/moon,gen 7,115,85,130
786,tapu-lele,psychic,fairy,sun/moon,gen 7,85,75,95
787,tapu-bulu,grass,fairy,sun/moon,gen 7,130,115,75
788,tapu-fini,water,fairy,sun/moon,gen 7,75,115,85
789,cosmog,psychic,,sun/moon,gen 7,29,31,37
790,cosmoem,psychic,,sun/moon,gen 7,29,131,37
791,solgaleo,psychic,steel,sun/moon,gen 7,137,107,97
792,lunala,psychic,ghost,sun/moon,gen 7,113,89,97
793,nihilego,rock,poison,sun/moon,gen 7,53,47,103
794,buzzwole,bug,fighting,sun/moon,gen 7,139,139,79
795,pheromosa,bug,fighting,sun/moon,gen 7,137,37,151
796,xurkitree,electric,,sun/moon,gen 7,89,71,83
797,celesteela,steel,flying,sun/moon,gen 7,101,103,61
798,kartana,grass,steel,sun/moon,gen 7,181,131,109
799,guzzlord,dark,dragon,sun/moon,gen 7,101,53,43
800,necrozma,psychic,,sun/moon,gen 7,107,101,79
801,magearna,steel,fairy,sun/moon,gen 7,95,115,65
802,marshadow,fighting,ghost,sun/moon,gen 7,125,80,125
803,poipole,poison,,sun/moon,gen 7,73,67,73
804,naganadel,poison,dragon,sun/moon,gen 7,73,73,121
805,stakataka,rock,steel,sun/moon,gen 7,131,211,13
806,blacephalon,fire,ghost,sun/moon,gen 7,127,53,107
807,zeraora,electric,,sun/moon,gen 7,112,75,143
808,meltan,steel,,sun/moon,gen 7,65,65,34
809,melmetal,steel,,sun/moon,gen 7,143,143,34
810,grookey,grass,,sword/shield,gen 8,65,50,65
811,thwackey,grass,,sword/shield,gen 8,85,70,80
812,rillaboom,grass,,sword/shield,gen 8,125,90,85
813,scorbunny,fire,,sword/shield,gen 8,71,40,69
814,raboot,fire,,sword/shield,gen 8,86,60,94
815,cinderace,fire,,sword/shield,gen 8,116,75,119
816,sobble,water,,sword/shield,gen 8,40,40,70
817,drizzile,water,,sword/shield,gen 8,60,55,90
818,inteleon,water,,sword/shield,gen 8,85,65,120
819,skwovet,normal,,sword/shield,gen 8,55,55,25
820,greedent,normal,,sword/shield,gen 8,95,95,20
821,rookidee,flying,,sword/shield,gen 8,47,35,57
822,corvisquire,flying,,sword/shield,gen 8,67,55,77
823,corviknight,flying,steel,sword/shield,gen 8,87,105,67
824,blipbug,bug,,sword/shield,gen 8,20,20,45
825,dottler,bug,psychic,sword/shield,gen 8,35,80,30
826,orbeetle,bug,psychic,sword/shield,gen 8,45,110,90
827,nickit,dark,,sword/shield,gen 8,28,28,50
828,thievul,dark,,sword/shield,gen 8,58,58,90
829,gossifleur,grass,,sword/shield,gen 8,40,60,10
830,eldegoss,grass,,sword/shield,gen 8,50,90,60
831,wooloo,normal,,sword/shield,gen 8,40,55,48
832,dubwool,normal,,sword/shield,gen 8,80,100,88
833,chewtle,water,,sword/shield,gen 8,64,50,44
834,drednaw,water,rock,sword/shield,gen 8,115,90,74
835,yamper,electric,,sword/shield,gen 8,45,50,26
836,boltund,electric,,sword/shield,gen 8,90,60,121
837,rolycoly,rock,,sword/shield,gen 8,40,50,30
838,carkol,rock,fire,sword/shield,gen 8,60,90,50
839,coalossal,rock,fire,sword/shield,gen 8,80,120,30
840,applin,grass,dragon,sword/shield,gen 8,40,80,20
841,flapple,grass,dragon,sword/shield,gen 8,110,80,70
842,appletun,grass,dragon,sword/shield,gen 8,85,80,30
843,silicobra,ground,,sword/shield,gen 8,57,75,46
844,sandaconda,ground,,sword/shield,gen 8,107,125,71
845,cramorant,flying,water,sword/shield,gen 8,85,55,85
846,arrokuda,water,,sword/shield,gen 8,63,40,66
847,barraskewda,water,,sword/shield,gen 8,123,60,136
848,toxel,electric,poison,sword/shield,gen 8,38,35,40
849,toxtricity,electric,poison,sword/shield,gen 8,98,70,75
850,sizzlipede,fire,bug,sword/shield,gen 8,65,45,45
851,centiskorch,fire,bug,sword/shield,gen 8,115,65,65
852,clobbopus,fighting,,sword/shield,gen 8,68,60,32
853,grapploct,fighting,,sword/shield,gen 8,118,90,42
854,sinistea,ghost,,sword/shield,gen 8,45,45,50
855,polteageist,ghost,,sword/shield,gen 8,65,65,70
856,hatenna,psychic,,sword/shield,gen 8,30,45,39
857,hattrem,psychic,,sword/shield,gen 8,40,65,49
858,hatterene,psychic,fairy,sword/shield,gen 8,90,95,29
859,impidimp,dark,fairy,sword/shield,gen 8,45,30,50
860,morgrem,dark,fairy,sword/shield,gen 8,60,45,70
861,grimmsnarl,dark,fairy,sword/shield,gen 8,120,65,60
862,obstagoon,dark,normal,sword/shield,gen 8,90,101,95
863,perrserker,steel,,sword/shield,gen 8,110,100,50
864,cursola,ghost,,sword/shield,gen 8,95,50,30
865,sirfetchd,fighting,,sword/shield,gen 8,135,95,65
866,mr-rime,ice,psychic,sword/shield,gen 8,85,75,70
867,runerigus,ground,ghost,sword/shield,gen 8,95,145,30
868,milcery,fairy,,sword/shield,gen 8,40,40,34
869,alcremie,fairy,,sword/shield,gen 8,60,75,64
870,falinks,fighting,,sword/shield,gen 8,100,100,75
871,pincurchin,electric,,sword/shield,gen 8,101,95,15
872,snom,ice,bug,sword/shield,gen 8,25,35,20
873,frosmoth,ice,bug,sword/shield,gen 8,65,60,65
874,stonjourner,rock,,sword/shield,gen 8,125,135,70
875,eiscue,ice,,sword/shield,gen 8,80,110,50
876,indeedee,psychic,normal,sword/shield,gen 8,65,55,95
877,morpeko,electric,dark,sword/shield,gen 8,95,58,97
878,cufant,steel,,sword/shield,gen 8,80,49,40
879,copperajah,steel,,sword/shield,gen 8,130,69,30
880,dracozolt,electric,dragon,sword/shield,gen 8,100,90,75
881,arctozolt,electric,ice,sword/shield,gen 8,100,90,55
882,dracovish,water,dragon,sword/shield,gen 8,90,100,75
883,arctovish,water,ice,sword/shield,gen 8,90,100,55
884,duraludon,steel,dragon,sword/shield,gen 8,95,115,85
885,dreepy,dragon,ghost,sword/shield,gen 8,60,30,82
886,drakloak,dragon,ghost,sword/shield,gen 8,80,50,102
887,dragapult,dragon,ghost,sword/shield,gen 8,120,75,142
888,zacian,fairy,,sword/shield,gen 8,120,115,138
889,zamazenta,fighting,,sword/shield,gen 8,120,115,138
890,eternatus,poison,dragon,sword/shield,gen 8,85,95,130
891,kubfu,fighting,,sword/shield,gen 8,90,60,72
892,urshifu,fighting,dark,sword/shield,gen 8,130,100,97
893,zarude,dark,grass,sword/shield,gen 8,120,105,105
894,regieleki,electric,,sword/shield,gen 8,100,50,200
895,regidrago,dragon,,sword/shield,gen 8,100,50,80
896,glastrier,ice,,sword/shield,gen 8,145,130,30
897,spectrier,ghost,,sword/shield,gen 8,65,60,130
898,calyrex,psychic,grass,sword/shield,gen 8,80,80,80
899,wyrdeer,normal,psychic,sword/shield,gen 8,105,72,65
900,kleavor,bug,rock,sword/shield,gen 8,135,95,85
901,ursaluna,ground,normal,sword/shield,gen 8,140,105,50
902,basculegion,water,ghost,sword/shield,gen 8,112,65,78
903,sneasler,fighting,poison,sword/shield,gen 8,130,60,120
904,overqwil,dark,poison,sword/shield,gen 8,115,95,85
905,enamorus,fairy,flying,sword/shield,gen 8,115,70,106
906,sprigatito,grass,,scarlet/violet,gen 9,61,54,65
907,floragato,grass,,scarlet/violet,gen 9,80,63,83
908,meowscarada,grass,dark,scarlet/violet,gen 9,110,70,123
909,fuecoco,fire,,scarlet/violet,gen 9,45,59,36
910,crocalor,fire,,scarlet/violet,gen 9,55,78,49
911,skeledirge,fire,ghost,scarlet/violet,gen 9,75,100,66
912,quaxly,water,,scarlet/violet,gen 9,65,45,50
913,quaxwell,water,,scarlet/violet,gen 9,85,65,65
914,quaquaval,water,fighting,scarlet/violet,gen 9,120,80,85
915,lechonk,normal,,scarlet/violet,gen 9,45,40,35
916,oinkologne,normal,,scarlet/violet,gen 9,100,75,65
917,tarountula,bug,,scarlet/violet,gen 9,41,45,20
918,spidops,bug,,scarlet/violet,gen 9,79,92,35
919,nymble,bug,,scarlet/violet,gen 9,46,40,45
920,lokix,bug,dark,scarlet/violet,gen 9,102,78,92
921,pawmi,electric,,scarlet/violet,gen 9,50,20,60
922,pawmo,electric,fighting,scarlet/violet,gen 9,75,40,85
923,pawmot,electric,fighting,scarlet/violet,gen 9,115,70,105
924,tandemaus,normal,,scarlet/violet,gen 9,50,45,75
925,maushold,normal,,scarlet/violet,gen 9,75,70,111
926,fidough,fairy,,scarlet/violet,gen 9,55,70,65
927,dachsbun,fairy,,scarlet/violet,gen 9,80,115,95
928,smoliv,grass,normal,scarlet/violet,gen 9,35,45,30
929,dolliv,grass,normal,scarlet/violet,gen 9,53,60,33
930,arboliva,grass,normal,scarlet/violet,gen 9,69,90,39
931,squawkabilly,normal,flying,scarlet/violet,gen 9,96,51,92
932,nacli,rock,,scarlet/violet,gen 9,55,75,25
933,naclstack,rock,,scarlet/violet,gen 9,60,100,35
934,garganacl,rock,,scarlet/violet,gen 9,100,130,35
935,charcadet,fire,,scarlet/violet,gen 9,50,40,35
936,armarouge,fire,psychic,scarlet/violet,gen 9,60,100,75
937,ceruledge,fire,ghost,scarlet/violet,gen 9,125,80,85
938,tadbulb,electric,,scarlet/violet,gen 9,31,41,45
939,bellibolt,electric,,scarlet/violet,gen 9,64,91,45
940,wattrel,electric,flying,scarlet/violet,gen 9,40,35,70
941,kilowattrel,electric,flying,scarlet/violet,gen 9,70,60,125
942,maschiff,dark,,scarlet/violet,gen 9,78,60,51
943,mabosstiff,dark,,scarlet/violet,gen 9,120,90,85
944,shroodle,poison,normal,scarlet/violet,gen 9,65,35,75
945,grafaiai,poison,normal,scarlet/violet,gen 9,95,65,110
946,bramblin,grass,ghost,scarlet/violet,gen 9,65,30,60
947,brambleghast,grass,ghost,scarlet/violet,gen 9,115,70,90
948,toedscool,ground,grass,scarlet/violet,gen 9,40,35,70
949,toedscruel,ground,grass,scarlet/violet,gen 9,70,65,100
950,klawf,rock,,scarlet/violet,gen 9,100,115,75
951,capsakid,grass,,scarlet/violet,gen 9,62,40,50
952,scovillain,grass,fire,scarlet/violet,gen 9,108,65,75
953,rellor,bug,,scarlet/violet,gen 9,50,60,30
954,rabsca,bug,psychic,scarlet/violet,gen 9,50,85,45
955,flittle,psychic,,scarlet/violet,gen 9,35,30,75
956,espathra,psychic,,scarlet/violet,gen 9,60,60,105
957,tinkatink,fairy,steel,scarlet/violet,gen 9,45,45,58
958,tinkatuff,fairy,steel,scarlet/violet,gen 9,55,55,78
959,tinkaton,fairy,steel,scarlet/violet,gen 9,75,77,94
960,wiglett,water,,scarlet/violet,gen 9,55,25,95
961,wugtrio,water,,scarlet/violet,gen 9,100,50,120
962,bombirdier,flying,dark,scarlet/violet,gen 9,103,85,82
963,finizen,water,,scarlet/violet,gen 9,45,40,75
964,palafin,water,,scarlet/violet,gen 9,70,72,100
965,varoom,steel,poison,scarlet/violet,gen 9,70,63,47
966,revavroom,steel,poison,scarlet/violet,gen 9,119,90,90
967,cyclizar,dragon,normal,scarlet/violet,gen 9,95,65,121
968,orthworm,steel,,scarlet/violet,gen 9,85,145,65
969,glimmet,rock,poison,scarlet/violet,gen 9,35,42,60
970,glimmora,rock,poison,scarlet/violet,gen 9,55,90,86
971,greavard,ghost,,scarlet/violet,gen 9,61,60,34
972,houndstone,ghost,,scarlet/violet,gen 9,101,100,68
973,flamigo,flying,fighting,scarlet/violet,gen 9,115,74,90
974,cetoddle,ice,,scarlet/violet,gen 9,68,45,43
975,cetitan,ice,,scarlet/violet,gen 9,113,65,73
976,veluza,water,psychic,scarlet/violet,gen 9,102,73,70
977,dondozo,water,,scarlet/violet,gen 9,100,115,35
978,tatsugiri,dragon,water,scarlet/violet,gen 9,50,60,82
979,annihilape,fighting,ghost,scarlet/violet,gen 9,115,80,90
980,clodsire,poison,ground,scarlet/violet,gen 9,75,60,20
981,farigiraf,normal,psychic,scarlet/violet,gen 9,90,70,60
982,dudunsparce,normal,,scarlet/violet,gen 9,100,80,55
983,kingambit,dark,steel,scarlet/violet,gen 9,135,120,50
984,great-tusk,ground,fighting,scarlet/violet,gen 9,131,131,87
985,scream-tail,fairy,psychic,scarlet/violet,gen 9,65,99,111
986,brute-bonnet,grass,dark,scarlet/violet,gen 9,127,99,55
987,flutter-mane,ghost,fairy,scarlet/violet,gen 9,55,55,135
988,slither-wing,bug,fighting,scarlet/violet,gen 9,135,79,81
989,sandy-shocks,electric,ground,scarlet/violet,gen 9,81,97,101
990,iron-treads,ground,steel,scarlet/violet,gen 9,112,120,106
991,iron-bundle,ice,water,scarlet/violet,gen 9,80,114,136
992,iron-hands,fighting,electric,scarlet/violet,gen 9,140,108,50
993,iron-jugulis,dark,flying,scarlet/violet,gen 9,80,86,108
994,iron-moth,fire,poison,scarlet/violet,gen 9,70,60,110
995,iron-thorns,rock,electric,scarlet/violet,gen 9,134,110,72
996,frigibax,dragon,ice,scarlet/violet,gen 9,75,45,55
997,arctibax,dragon,ice,scarlet/violet,gen 9,95,66,62
998,baxcalibur,dragon,ice,scarlet/violet,gen 9,145,92,87
999,gimmighoul,ghost,,scarlet/violet,gen 9,30,70,10
1000,gholdengo,steel,ghost,scarlet/violet,gen 9,60,95,84
1001,wo-chien,dark,grass,scarlet/violet,gen 9,85,100,70
1002,chien-pao,dark,ice,scarlet/violet,gen 9,120,80,135
1003,ting-lu,dark,ground,scarlet/violet,gen 9,110,125,45
1004,chi-yu,dark,fire,scarlet/violet,gen 9,80,80,100
1005,roaring-moon,dragon,dark,scarlet/violet,gen 9,139,71,119
1006,iron-valiant,fairy,fighting,scarlet/violet,gen 9,130,90,116
1007,koraidon,fighting,dragon,scarlet/violet,gen 9,135,115,135
1008,miraidon,electric,dragon,scarlet/violet,gen 9,85,100,135
1009,walking-wake,water,dragon,scarlet/violet,gen 9,83,91,109
1010,iron-leaves,grass,psychic,scarlet/violet,gen 9,130,88,104
1011,dipplin,grass,dragon,scarlet/violet,gen 9,80,110,40
1012,poltchageist,grass,ghost,scarlet/violet,gen 9,45,45,50
1013,sinistcha,grass,ghost,scarlet/violet,gen 9,60,106,70
1014,okidogi,poison,fighting,scarlet/violet,gen 9,128,115,80
1015,munkidori,poison,psychic,scarlet/violet,gen 9,75,66,106
1016,fezandipiti,poison,fairy,scarlet/violet,gen 9,91,82,99
1017,ogerpon,grass,,scarlet/violet,gen 9,120,84,110
1018,archaludon,steel,dragon,scarlet/violet,gen 9,105,130,85
1019,hydrapple,grass,dragon,scarlet/violet,gen 9,80,110,44
1020,gouging-fire,fire,dragon,scarlet/violet,gen 9,115,121,91
1021,raging-bolt,electric,dragon,scarlet/violet,gen 9,73,91,75
1022,iron-boulder,rock,psychic,scarlet/violet,gen 9,120,80,124
1023,iron-crown,steel,psychic,scarlet/violet,gen 9,72,100,98
1024,terapagos,normal,,scarlet/violet,gen 9,65,85,60
1025,pecharunt,poison,ghost,scarlet/violet,gen 9,88,160,88
